板块,2019-04-18
融资融券,16
转融券标的,16
地方国资改革,12
沪股通,11
氢能源,11
新能源,11
深股通,10
燃料电池,10
军工,10
一带一路,10
新能源汽车,10
锂电池,9
5G,9
郭台铭概念,8
新基建,7
央企国资改革,7
新材料概念,6
互联网金融,6
电子信息,6
股权转让,6
高端装备,6
独角兽概念,6
证金持股,6
节能环保,6
军民融合,6
PPP概念,6
海洋经济,5
光纤,5
光伏概念,5
智能电网,5
文化传媒,5
年报预增,5
台湾概念股,5
新股与次新股,5
轨道交通,5
融资租赁,4
LNG动力船,4
壳资源,4
央企控股,4
石墨烯,4
乡村振兴,4
太阳能,4
物联网,4
天然气,4
金改,4
创投,4
福建基建,4
风电,4
供应链金融,4
富士康概念,4
小金属概念,4
国产航母,4
电子商务,4
小额贷款,4
大数据,4
福建自贸区,4
工业大麻,4
机器人概念,3
电力改革,3
雄安新区,3
超导,3
油品改革,3
南海,3
贸易战影响股,3
生态农业,3
船舶升级概念,3
参股保险,3
超级电容,3
平潭免税区,3
中船系,3
能源互联网,3
光纤光缆,3
特斯拉,3
污水处理,3
区块链,3
海工装备,3
华为概念,3
宽带中国,3
宁德时代概念,3
煤化工,3
新能源整车,3
人工智能,3
MSCI预期,3
互联网+,3
影视娱乐,2
元器件,2
地下管网,2
科创板预期,2
参股新三板,2
海南自贸区,2
眼科医疗,2
成渝特区,2
PM2.5,2
3D玻璃,2
苹果概念,2
园林开发,2
三沙,2
航天军工,2
电子烟,2
山东国资改革,2
成泉资本持股,2
共享汽车,2
医保目录,2
稀缺资源,2
海峡西岸,2
涉矿,2
共享经济,2
钢结构,2
临港地区,2
江苏国资改革,2
尾气治理,2
MSCI概念,2
边缘计算,2
广告营销,2
量子通信,2
农业种植,2
工业4.0,2
废气处理,2
纳米,2
生物育种,2
挖掘机,2
油品升级,2
P2P概念,2
债转股,2
核电,2
机械装备,2
页岩气,2
央视财经50,2
工业机器人,2
东盟北部湾,2
国改双百行动,2
脱硫脱硝,2
网络安全,2
林场改革,2
中医药,2
无人驾驶,2
白马股,2
知识产权保护,2
国资驰援,2
互联网平台,2
柔性屏,2
登革热,2
军工改制,2
仪电仪表,2
互联网医疗,2
工业用地,2
工业互联网,2
机构重仓,2
农村电商,2
固废处理,2
特高压,2
玉米,2
正极材料,2
--,2
无人岛开发,2
铀矿,2
超级稻,2
棉,2
蚂蚁金服概念,1
智慧党建,1
三旧改造,1
霍乱,1
数字货币,1
海上风电,1
纸浆,1
煤价下跌受益,1
电机电控,1
票交所,1
移动支付,1
地震,1
云印刷,1
依法治国概念,1
搜索引擎,1
人民币升值,1
跨境电商,1
北京国资改革,1
锂电设备,1
河南国资改革,1
储能,1
百度概念,1
安防,1
环渤海,1
油气开采,1
粗苯,1
数字中国,1
光伏玻璃,1
西尼罗病毒,1
雄安基建,1
排水,1
分布式发电,1
蔚来汽车概念,1
智能医疗,1
PVC,1
华为汽车,1
军用机器人,1
人民币贬值受益,1
网约车,1
智能汽车,1
虚拟机器人,1
生物农药,1
农垦改革,1
村镇银行,1
通信基站,1
甲醇,1
参股券商,1
粳稻,1
蓝宝石,1
反恐,1
焦炭,1
家用电器,1
超硬材料,1
京津冀一体化,1
铅蓄电池,1
超级计算机,1
态势感知,1
APEC会议,1
大飞机,1
国家科技大会,1
智能音箱,1
SNS概念,1
纤维板,1
玉米种业,1
冠状病毒,1
二手车,1
三农,1
体育产业,1
科技保险,1
白酒概念,1
煤层气,1
光通信设备,1
赛马概念,1
全息手机,1
WIN升级,1
基站射频,1
玻璃纤维,1
充电桩,1
西部开发,1
特种玻璃,1
负极材料,1
卫星导航,1
化肥,1
长三角一体化,1
数字营销,1
金属镍,1
消费电子,1
硫磺,1
安徽自贸区,1
早籼稻,1
碳纤维,1
辽宁国资改革,1
生物疫苗,1
商誉减值,1
猪肉,1
生物质能,1
超清视频,1
网络游戏,1
广西中医药,1
稀有金属,1
风沙治理,1
移动射频,1
MERS概念,1
达菲,1
危废处理,1
稀土永磁,1
王亚伟持股,1
区块链应用,1
土地流转,1
民营医院,1
互联网保险,1
3D打印,1
大豆,1
南沙新区,1
高送转,1
手机游戏,1
马歇尔计划,1
消费金融,1
碳纳米管,1
国产软件,1
海水淡化,1
滨海新区,1
移动互联网,1
扶贫开发,1
寨卡病毒概念,1
LNG加气站,1
绿色建筑,1
秸秆综合利用,1
有色铝,1
外贸,1
黑磷,1
中字头股票,1
循环经济,1
流感,1
诚通系,1
振兴东北,1
征信,1
二胎概念,1
禽流感,1
烧碱,1
造纸转暖,1
中部崛起,1
腾讯概念,1
锂电制造,1
供气,1
智能交通,1
今日头条概念,1
厄尔尼诺概念,1
IP概念,1
锦纶,1
新疆振兴,1
迪士尼,1
海绵城市,1
增强现实,1
养老金持股,1
锂矿,1
农村金融,1
TMT,1
金属锰,1
触摸屏,1
再生金属,1
汽车制造概念,1
鄱阳湖经济区,1
埃博拉概念,1
中电投合并,1
大数据反恐,1
生态城乡,1
海南旅游岛,1
猪瘟疫情,1
金融科技,1
钌催化剂,1
福建土改,1
百草枯,1
中德合作,1
环保包装,1
云南国资改革,1
大上海,1
美丽中国,1
晚籼稻,1
天然气管道,1
山西国资改革,1
物联网平台层,1
航运港口,1
饲料,1
青岛自贸区,1
石墨烯手机,1
动力电池回收,1
钴,1
摘帽,1
平面媒体,1
铂矿,1
云计算,1
融媒体,1
智能路由器,1
磷化工,1
装配式建筑,1
物联网应用层,1
低碳,1
小猪佩奇,1
